2246	torus-t12-2348	TORUS - T12	130.00	Interlock Tiles	/web/image/product.product/2246/image_1024/TORUS%20%20%20%20%20%20%20%20%20%20%20-%20%20%20T12?unique=303d4dc
2245	strawberry-t356-2347	STRAWBERRY - T356	130.00	Interlock Tiles	/web/image/product.product/2245/image_1024/STRAWBERRY%20%20%20%20%20%20-%20%20%20T356?unique=303d4dc
2241	oreon-t253-2343	OREON - T253	130.00	Interlock Tiles	/web/image/product.product/2241/image_1024/OREON%20%20%20%20%20%20%20%20%20%20%20-%20%20%20T253?unique=303d4dc
2173	3d-hexagon-t124-2173	3D HEXAGON - T124	130.00	Interlock Tiles	/web/image/product.product/2173/image_1024/3D%20HEXAGON%20%20%20%20%20%20-%20%20%20T124?unique=303d4dc
2240	mandrake-t179-2342	MANDRAKE - T179	130.00	Interlock Tiles	/web/image/product.product/2240/image_1024/MANDRAKE%20-%20T179?unique=303d4dc
2228	butterfly-t183-2330	BUTTERFLY - T183	130.00	Interlock Tiles	/web/image/product.product/2228/image_1024/BUTTERFLY%20-T183?unique=303d4dc
2174	acer-t258-2174	ACER - T258	130.00	Interlock Tiles	/web/image/product.product/2174/image_1024/ACER%20%20%20-%20%20%20T258?unique=303d4dc
2231	crown-t260-2333	CROWN - T260	130.00	Interlock Tiles	/web/image/product.product/2231/image_1024/CROWN%20-%20%20T260?unique=303d4dc
2232	fancy-paver-t181-2334	FANCY PAVER - T181	130.00	Heavy Duty Tiles	/web/image/product.product/2232/image_1024/FANCY%20PAVER%20%20%20%20%20-%20%20%20T181?unique=303d4dc
2247	zig-zag-a130-2349	ZIG ZAG - A130	130.00	Heavy Duty Tiles	/web/image/product.product/2247/image_1024/ZIG%20ZAG%20%20-%20%20A130?unique=303d4dc
2236	hexagon-t70-2338	HEXAGON - T70	130.00	Heavy Duty Tiles	/web/image/product.product/2236/image_1024/HEXAGON%20%20-%20%20T70?unique=303d4dc
2235	glider-t380-2337	GLIDER - T380	130.00	Heavy Duty Tiles	/web/image/product.product/2235/image_1024/GLIDER%20%20%20%20%20%20%20%20%20%20-%20%20%20T380?unique=303d4dc
2229	cherry-paver-t285-2331	CHERRY PAVER - T285	130.00	Interlock Tiles	/web/image/product.product/2229/image_1024/CHERRY%20PAVER%20%20%20%20-%20%20%20T285?unique=303d4dc
2234	gilt-rock-t221-2336	GILT ROCK - T221	130.00	Interlock Tiles	/web/image/product.product/2234/image_1024/GILT%20ROCK%20%20%20%20%20%20%20-%20%20%20T221?unique=303d4dc
2328	margro-t365-2510	MARGRO - T365	130.00	Interlock Tiles	/web/image/product.product/2328/image_1024/MARGRO%20%20%20%20%20%20%20%20%20%20-%20%20%20T365?unique=1a98486
2233	gem-stone-t223-2335	GEM STONE - T223	130.00	Interlock Tiles	/web/image/product.product/2233/image_1024/GEM%20STONE%20%20%20%20%20%20%20-%20%20%20T223?unique=50e974d
2243	raja-t404-2345	RAJA - T404	130.00	Slabs	/web/image/product.product/2243/image_1024/RAJA%20-%20%20T404?unique=303d4dc
2242	ragam-t15-2344	RAGAM - T15	130.00	Slabs	/web/image/product.product/2242/image_1024/RAGAM%20-%20T15?unique=a9e2245
2226	britania-t422-2328	BRITANIA - T422	130.00	Slabs	/web/image/product.product/2226/image_1024/BRITANIA%20%20%20%20%20%20%20%20-%20%20%20T422?unique=303d4dc
2230	combo-t382-2332	COMBO - T382	130.00	Slabs	/web/image/product.product/2230/image_1024/COMBO%20-%20T382?unique=303d4dc
2238	kota-stone-t401-2340	KOTA STONE - T401	130.00	Slabs	/web/image/product.product/2238/image_1024/KOTA%20STONE%20%20-%20T401?unique=303d4dc
2237	jumbo-paver-t384-2339	JUMBO PAVER - T384	130.00	Slabs	/web/image/product.product/2237/image_1024/JUMBO%20PAVER%20%20%20%20%20-%20%20%20T384?unique=bda4141
2227	bubble-stone-t420-2329	BUBBLE STONE - T420	130.00	Slabs	/web/image/product.product/2227/image_1024/BUBBLE%20STONE%20%20%20%20-%20%20%20T420?unique=303d4dc
2244	star-stone-t14-2346	STAR STONE - T14	130.00	Slabs	/web/image/product.product/2244/image_1024/STAR%20STONE%20%20%20-%20%20T14?unique=303d4dc
2480	a550-tora-slab-2679	TORA SLAB (A550)	130.00	Slabs	/web/image/product.product/2480/image_1024/%5BA550%5D%20TORA%20SLAB?unique=303d4dc
973	kerbs-973	Kerbs	18.00	Kerbs	/web/image/product.product/973/image_1024/Kerbs?unique=b5898db
2481	pebble-stone-2680	PEBBLE STONE	130.00	Stones & Pebbles	/web/image/product.product/2481/image_1024/PEBBLE%20STONE?unique=303d4dc
