21435-67e90ecb	assets/img/21435-67e90ecb.png
21437-a4f8a471	assets/img/21437-a4f8a471.jpg
21440-7ae87e5e	assets/img/21440-7ae87e5e.webp
21442-fca7ade3	assets/img/21442-fca7ade3.png
21443-9cc241e0	assets/img/21443-9cc241e0.png
21444-04f0246f	assets/img/21444-04f0246f.png
21445-91876e73	assets/img/21445-91876e73.png
21446-0f6ea8ab	assets/img/21446-0f6ea8ab.png
21447-ff9d3b2a	assets/img/21447-ff9d3b2a.png
21449-2888d8fc	assets/img/21449-2888d8fc.webp
21450-267893d0	assets/img/21450-267893d0.webp
21451-c7b8b287	assets/img/21451-c7b8b287.webp
21452-b816f6ff	assets/img/21452-b816f6ff.webp
21453-c8b4c848	assets/img/21453-c8b4c848.webp
21454-100cd411	assets/img/21454-100cd411.webp
21455-816741db	assets/img/21455-816741db.webp
21457-00518053	assets/img/21457-00518053.png
21458-a2fa85b9	assets/img/21458-a2fa85b9.webp
21734-18f5ef7e	assets/img/21734-18f5ef7e.png
21742-e2c17691	assets/img/21742-e2c17691.webp
21778-700571c3	assets/img/21778-700571c3.png
21782-e7eed2fe	assets/img/21782-e7eed2fe.png
21783-ff9ed25e	assets/img/21783-ff9ed25e.png
21784-579efc5f	assets/img/21784-579efc5f.png
21785-d9762aba	assets/img/21785-d9762aba.png
21786-913cb26e	assets/img/21786-913cb26e.png
21788-ce45c508	assets/img/21788-ce45c508.webp
21789-6a34c710	assets/img/21789-6a34c710.webp
21790-685a15c6	assets/img/21790-685a15c6.webp
21791-1a7c60ec	assets/img/21791-1a7c60ec.webp
21792-963c59f0	assets/img/21792-963c59f0.webp
21793-b104dece	assets/img/21793-b104dece.svg
