/web/image/33381-22d9e3d3/[^"'\''()> ]*	assets/img/33381-22d9e3d3.jpeg
/web/image/33382-414c15b5/[^"'\''()> ]*	assets/img/33382-414c15b5.jpg
/web/image/33383-93041648/[^"'\''()> ]*	assets/img/33383-93041648.jpg
/web/image/33384-5fbb71cd/[^"'\''()> ]*	assets/img/33384-5fbb71cd.png
/web/image/33385-f11888f7/[^"'\''()> ]*	assets/img/33385-f11888f7.png
/web/image/33386-3e0c13c1/[^"'\''()> ]*	assets/img/33386-3e0c13c1.png
/web/image/33507-093c9c18/[^"'\''()> ]*	assets/img/33507-093c9c18.webp
/web/image/33508-414c15b5/[^"'\''()> ]*	assets/img/33508-414c15b5.jpg
/web/image/33509-f18aeac1/[^"'\''()> ]*	assets/img/33509-f18aeac1.webp
/web/image/33510-659040c7/[^"'\''()> ]*	assets/img/33510-659040c7.webp
/web/image/33512-531df1b2/[^"'\''()> ]*	assets/img/33512-531df1b2.webp
/web/image/33592-22d9e3d3/[^"'\''()> ]*	assets/img/33592-22d9e3d3.webp
/web/image/33913-6094d1b6/[^"'\''()> ]*	assets/img/33913-6094d1b6.jpg
/web/image/33914-259eefcc/[^"'\''()> ]*	assets/img/33914-259eefcc.webp
/web/image/33916-4d301e5b/[^"'\''()> ]*	assets/img/33916-4d301e5b.jpg
/web/image/33917-089ab653/[^"'\''()> ]*	assets/img/33917-089ab653.jpg
/web/image/33928-259eefcc/[^"'\''()> ]*	assets/img/33928-259eefcc.webp
/web/image/33929-2c15c801/[^"'\''()> ]*	assets/img/33929-2c15c801.webp
/web/image/33930-a671e865/[^"'\''()> ]*	assets/img/33930-a671e865.webp
/web/image/33931-c0f4843a/[^"'\''()> ]*	assets/img/33931-c0f4843a.webp
/web/image/33998-e4ffe624/[^"'\''()> ]*	assets/img/33998-e4ffe624.jpg
/web/image/34004-da5a91b6/[^"'\''()> ]*	assets/img/34004-da5a91b6.webp
/web/image/34056-3c6d1ad5/[^"'\''()> ]*	assets/img/34056-3c6d1ad5.jpg
/web/image/34075-4683551f/[^"'\''()> ]*	assets/img/34075-4683551f.webp
/web/image/34136-e01ccf5c/[^"'\''()> ]*	assets/img/34136-e01ccf5c.jpg
/web/image/34137-a7b6acf9/[^"'\''()> ]*	assets/img/34137-a7b6acf9.jpg
/web/image/34162-80c38aad/[^"'\''()> ]*	assets/img/34162-80c38aad.jpg
/web/image/34163-076e5fec/[^"'\''()> ]*	assets/img/34163-076e5fec.jpg
/web/image/34164-7fdbecdd/[^"'\''()> ]*	assets/img/34164-7fdbecdd.jpg
/web/image/34165-3a133ad6/[^"'\''()> ]*	assets/img/34165-3a133ad6.jpg
/web/image/34179-619cdd9d/[^"'\''()> ]*	assets/img/34179-619cdd9d.jpg
/web/image/34180-baaaa385/[^"'\''()> ]*	assets/img/34180-baaaa385.jpg
/web/image/34191-49aa5743/[^"'\''()> ]*	assets/img/34191-49aa5743.webp
/web/image/34193-f3182faa/[^"'\''()> ]*	assets/img/34193-f3182faa.webp
/web/image/34194-9e0c2f83/[^"'\''()> ]*	assets/img/34194-9e0c2f83.webp
/web/image/34195-da0cf009/[^"'\''()> ]*	assets/img/34195-da0cf009.webp
/web/image/34196-cd23b42b/[^"'\''()> ]*	assets/img/34196-cd23b42b.webp
/web/image/34197-fa21db0b/[^"'\''()> ]*	assets/img/34197-fa21db0b.webp
/web/image/34198-96637ed3/[^"'\''()> ]*	assets/img/34198-96637ed3.webp
/web/image/34199-e01ccf5c/[^"'\''()> ]*	assets/img/34199-e01ccf5c.webp
/web/image/34225-3c6d1ad5/[^"'\''()> ]*	assets/img/34225-3c6d1ad5.jpg
/web/image/34226-3c6d1ad5/[^"'\''()> ]*	assets/img/34226-3c6d1ad5.webp
/web/image/36180-dc816409/[^"'\''()> ]*	assets/img/36180-dc816409.jpg
/web/image/36960-0bf24c89/[^"'\''()> ]*	assets/img/36960-0bf24c89.webp
/web/image/38758-82234beb/[^"'\''()> ]*	assets/img/38758-82234beb.png
/web/image/38759-bac008ea/[^"'\''()> ]*	assets/img/38759-bac008ea.webp
